driver_id,total_fare,avg_distance
95,231.87,33.435
93,122.71,20.42
38,22.82,20.55
25,102.22,48.88
53,99.12,30.33
58,9.35,19.35
33,22.09,31.51
48,43.0,27.06
84,252.63,16.603333333333335
32,53.86,3.91
88,93.95,26.59
56,214.83999999999997,25.93
36,19.76,21.74
49,70.65,47.15
63,30.97,33.56
4,46.45,2.39
62,33.7,37.76
12,98.83,36.84
14,34.27,3.95
66,79.54,24.65
2,62.27,6.57
80,101.12,1.52
57,56.26,39.52
