driver_id,total_fare,avg_distance
90,146.2,44.99
41,235.58,4.39
95,145.1,24.37
38,22.82,20.55
25,102.22,48.88
53,99.12,30.33
84,129.47,18.990000000000002
32,53.86,3.91
88,93.95,26.59
56,214.83999999999997,25.93
36,19.76,21.74
49,70.65,47.15
63,30.97,33.56
4,46.45,2.39
62,33.7,37.76
2,62.27,6.57
80,101.12,1.52
57,56.26,39.52
