driver_id,total_fare,avg_distance
87,97.47999999999999,40.239999999999995
64,213.76,27.45
3,19.92,24.54
34,147.29,5.32
59,118.76,15.405
8,233.39999999999998,32.16
22,41.12,11.65
85,63.95,8.71
35,21.86,45.35
52,209.36,6.640000000000001
47,26.66,12.59
43,120.66,40.12
