driver_id,total_fare,avg_distance
11,90.48,40.9
87,97.47999999999999,40.239999999999995
64,213.76,27.45
3,19.92,24.54
34,147.29,5.32
59,118.76,15.405
8,233.39999999999998,32.16
22,41.12,11.65
85,63.95,8.71
16,72.21,37.18
35,21.86,45.35
52,342.1,7.566666666666667
47,167.9,13.135
43,120.66,40.12
18,129.0,36.605000000000004
61,263.01,24.173333333333336
27,47.78,12.45
60,41.64,22.73
